{"SVM": {"accuracy": 0.999, "f1_score": 0.9993777224642191, "roc_auc_score": 0.9974619289340101}, "Logistic Regression": {"accuracy": 0.995, "f1_score": 0.9968963376784605, "roc_auc_score": 0.9873096446700508}, "Random Forest": {"accuracy": 0.997, "f1_score": 0.9981354878806712, "roc_auc_score": 0.9923857868020304}, "Ensemble Voting": {"accuracy": 0.9975, "f1_score": 0.9984447900466563, "roc_auc_score": 0.994612525364907}}